{
  "hidden_size": 8,
  "n_layers": 8,
  "total_weights": 456,
  "n_components": 3,
  "explained_variance_ratio": [
    0.9166744351387024,
    0.08332556486129761,
    9.910966361839635e-13
  ],
  "singular_values": [
    0.6561259627342224,
    0.19781936705112457,
    6.822407954132359e-07
  ],
  "layer_names": [
    "model.0.weight",
    "model.1.weight",
    "model.3.weight",
    "model.4.weight",
    "model.6.weight",
    "model.7.weight",
    "model.9.weight",
    "model.10.weight",
    "model.12.weight",
    "model.13.weight",
    "model.15.weight",
    "model.16.weight",
    "model.18.weight",
    "model.19.weight",
    "model.21.weight"
  ],
  "layer_sizes": [
    8,
    8,
    64,
    8,
    64,
    8,
    64,
    8,
    64,
    8,
    64,
    8,
    64,
    8,
    8
  ],
  "layer_means": [
    0.054858848452568054,
    1.0014245510101318,
    0.01925189048051834,
    1.0154485702514648,
    0.030249863862991333,
    1.00486159324646,
    -0.029796190559864044,
    0.9975427389144897,
    0.04257849603891373,
    0.9815884828567505,
    -0.004791787825524807,
    1.0052379369735718,
    -0.021314717829227448,
    1.2410380840301514,
    0.3765107989311218
  ],
  "layer_stds": [
    0.4922621250152588,
    0.025302378460764885,
    0.2076674997806549,
    0.048118043690919876,
    0.20497334003448486,
    0.05767460912466049,
    0.20652176439762115,
    0.03192277252674103,
    0.21134750545024872,
    0.0541996993124485,
    0.20616330206394196,
    0.06861799210309982,
    0.2413090616464615,
    0.31447064876556396,
    0.3055669367313385
  ]
}