{
  "hidden_size": 16,
  "n_layers": 8,
  "total_weights": 1680,
  "n_components": 3,
  "explained_variance_ratio": [
    0.8988164663314819,
    0.10118354856967926,
    2.132489063805254e-12
  ],
  "singular_values": [
    0.6027412414550781,
    0.202232226729393,
    9.284078714699717e-07
  ],
  "layer_names": [
    "model.0.weight",
    "model.1.weight",
    "model.3.weight",
    "model.4.weight",
    "model.6.weight",
    "model.7.weight",
    "model.9.weight",
    "model.10.weight",
    "model.12.weight",
    "model.13.weight",
    "model.15.weight",
    "model.16.weight",
    "model.18.weight",
    "model.19.weight",
    "model.21.weight"
  ],
  "layer_sizes": [
    16,
    16,
    256,
    16,
    256,
    16,
    256,
    16,
    256,
    16,
    256,
    16,
    256,
    16,
    16
  ],
  "layer_means": [
    0.03441961109638214,
    0.9994704127311707,
    0.0007229968905448914,
    1.0038037300109863,
    -0.009866446256637573,
    0.9985741376876831,
    -0.012547357007861137,
    0.9995602369308472,
    -0.00043804908636957407,
    1.001230239868164,
    0.008121740072965622,
    1.0045766830444336,
    -0.019291192293167114,
    1.1765011548995972,
    0.2459077537059784
  ],
  "layer_stds": [
    0.5254340767860413,
    0.013777511194348335,
    0.14646434783935547,
    0.0271762702614069,
    0.1455327719449997,
    0.029498787596821785,
    0.1489633172750473,
    0.0360804907977581,
    0.15111081302165985,
    0.03734065592288971,
    0.15007726848125458,
    0.036804940551519394,
    0.16021673381328583,
    0.16904667019844055,
    0.1724431812763214
  ]
}