{
  "hidden_size": 16,
  "n_layers": 4,
  "total_weights": 592,
  "n_components": 5,
  "explained_variance_ratio": [
    0.8395752906799316,
    0.13867370784282684,
    0.016230393201112747,
    0.005520676728338003,
    5.509925848912189e-12
  ],
  "singular_values": [
    0.3244839012622833,
    0.13187436759471893,
    0.04511571675539017,
    0.026312341913580894,
    8.31258716971206e-07
  ],
  "layer_names": [
    "model.0.weight",
    "model.1.weight",
    "model.3.weight",
    "model.4.weight",
    "model.6.weight",
    "model.7.weight",
    "model.9.weight"
  ],
  "layer_sizes": [
    16,
    16,
    256,
    16,
    256,
    16,
    16
  ],
  "layer_means": [
    -0.03475817292928696,
    0.996671736240387,
    -0.011239288374781609,
    1.002441644668579,
    -0.005105896852910519,
    1.1983015537261963,
    0.24383260309696198
  ],
  "layer_stds": [
    0.519088625907898,
    0.019153859466314316,
    0.14750638604164124,
    0.03736092150211334,
    0.14552614092826843,
    0.16958682239055634,
    0.1408340185880661
  ]
}