{
  "hidden_size": 32,
  "n_layers": 8,
  "total_weights": 6432,
  "n_components": 2,
  "explained_variance_ratio": [
    1.0,
    2.0276749029823904e-12
  ],
  "singular_values": [
    0.579791247844696,
    8.256021146735293e-07
  ],
  "layer_names": [
    "model.0.weight",
    "model.1.weight",
    "model.3.weight",
    "model.4.weight",
    "model.6.weight",
    "model.7.weight",
    "model.9.weight",
    "model.10.weight",
    "model.12.weight",
    "model.13.weight",
    "model.15.weight",
    "model.16.weight",
    "model.18.weight",
    "model.19.weight",
    "model.21.weight"
  ],
  "layer_sizes": [
    32,
    32,
    1024,
    32,
    1024,
    32,
    1024,
    32,
    1024,
    32,
    1024,
    32,
    1024,
    32,
    32
  ],
  "layer_means": [
    -0.011679217219352722,
    1.0003509521484375,
    0.009921533986926079,
    1.0009244680404663,
    -0.005253045354038477,
    1.0017194747924805,
    -0.007406973745673895,
    0.9989936351776123,
    -0.002755418187007308,
    0.9997373819351196,
    -0.0026040931697934866,
    0.999783456325531,
    -0.014028510078787804,
    1.0831327438354492,
    0.13724768161773682
  ],
  "layer_stds": [
    0.549883246421814,
    0.013938714750111103,
    0.10428968071937561,
    0.02093704417347908,
    0.10758623480796814,
    0.019932325929403305,
    0.107977494597435,
    0.03119141235947609,
    0.10574536770582199,
    0.023065926507115364,
    0.10457052290439606,
    0.02936486527323723,
    0.10746942460536957,
    0.103984534740448,
    0.10731405019760132
  ]
}