{
  "hidden_size": 32,
  "n_layers": 2,
  "total_weights": 96,
  "n_components": 8,
  "explained_variance_ratio": [
    0.8997622132301331,
    0.08660982549190521,
    0.00997441541403532,
    0.0024071666412055492,
    0.0006474205874837935,
    0.000344523461535573,
    0.00025448613450862467,
    1.0220061017092441e-13
  ],
  "singular_values": [
    2.4718852043151855,
    0.7669163942337036,
    0.2602604329586029,
    0.12785494327545166,
    0.06630674004554749,
    0.048369746655225754,
    0.04157157614827156,
    8.330885634677543e-07
  ],
  "layer_names": [
    "model.0.weight",
    "model.1.weight",
    "model.3.weight"
  ],
  "layer_sizes": [
    32,
    32,
    32
  ],
  "layer_means": [
    0.2210666537284851,
    0.7931628227233887,
    0.04869762063026428
  ],
  "layer_stds": [
    0.5460493564605713,
    0.2603898346424103,
    0.18693453073501587
  ]
}