{
  "hidden_size": 16,
  "n_layers": 2,
  "total_weights": 48,
  "n_components": 5,
  "explained_variance_ratio": [
    0.9528661370277405,
    0.042641788721084595,
    0.004328975919634104,
    0.00016308214981108904,
    9.786601054290883e-14
  ],
  "singular_values": [
    2.3416831493377686,
    0.49537020921707153,
    0.15783552825450897,
    0.030634824186563492,
    7.504609698116838e-07
  ],
  "layer_names": [
    "model.0.weight",
    "model.1.weight",
    "model.3.weight"
  ],
  "layer_sizes": [
    16,
    16,
    16
  ],
  "layer_means": [
    -0.17324897646903992,
    0.9188721776008606,
    0.10716478526592255
  ],
  "layer_stds": [
    0.5712129473686218,
    0.19459587335586548,
    0.2963649332523346
  ]
}