{
  "hidden_size": 16,
  "n_layers": 16,
  "total_weights": 3856,
  "n_components": 2,
  "explained_variance_ratio": [
    1.0,
    1.2924702540856314e-12
  ],
  "singular_values": [
    0.7182581424713135,
    8.16565147943038e-07
  ],
  "layer_names": [
    "model.0.weight",
    "model.1.weight",
    "model.3.weight",
    "model.4.weight",
    "model.6.weight",
    "model.7.weight",
    "model.9.weight",
    "model.10.weight",
    "model.12.weight",
    "model.13.weight",
    "model.15.weight",
    "model.16.weight",
    "model.18.weight",
    "model.19.weight",
    "model.21.weight",
    "model.22.weight",
    "model.24.weight",
    "model.25.weight",
    "model.27.weight",
    "model.28.weight",
    "model.30.weight",
    "model.31.weight",
    "model.33.weight",
    "model.34.weight",
    "model.36.weight",
    "model.37.weight",
    "model.39.weight",
    "model.40.weight",
    "model.42.weight",
    "model.43.weight",
    "model.45.weight"
  ],
  "layer_sizes": [
    16,
    16,
    256,
    16,
    256,
    16,
    256,
    16,
    256,
    16,
    256,
    16,
    256,
    16,
    256,
    16,
    256,
    16,
    256,
    16,
    256,
    16,
    256,
    16,
    256,
    16,
    256,
    16,
    256,
    16,
    16
  ],
  "layer_means": [
    0.017591536045074463,
    1.0005168914794922,
    0.019647110253572464,
    1.0014532804489136,
    0.006107968743890524,
    1.0027146339416504,
    -0.004274619743227959,
    1.0012502670288086,
    -0.004982012324035168,
    0.9985917806625366,
    0.007986076176166534,
    0.999706506729126,
    -0.010424012318253517,
    0.9970455765724182,
    -0.0002834736369550228,
    1.0009381771087646,
    -0.007027786690741777,
    0.9949225783348083,
    0.015359795652329922,
    0.9997477531433105,
    -0.02616489678621292,
    0.9998621344566345,
    -0.013926710933446884,
    1.001033067703247,
    -0.005219319369643927,
    1.0032539367675781,
    -0.010434763506054878,
    1.0097370147705078,
    -0.020302822813391685,
    1.1291733980178833,
    0.23563286662101746
  ],
  "layer_stds": [
    0.5989644527435303,
    0.015916738659143448,
    0.14936454594135284,
    0.026548052206635475,
    0.1434880644083023,
    0.02714163064956665,
    0.15572650730609894,
    0.029137013480067253,
    0.149627223610878,
    0.02361806482076645,
    0.1426232010126114,
    0.023595646023750305,
    0.14953894913196564,
    0.029319874942302704,
    0.14445514976978302,
    0.02836683578789234,
    0.14849704504013062,
    0.03786364197731018,
    0.14832697808742523,
    0.03670438379049301,
    0.1486319601535797,
    0.03319164365530014,
    0.15370798110961914,
    0.04686347022652626,
    0.14902518689632416,
    0.06235332414507866,
    0.15495418012142181,
    0.061048828065395355,
    0.15281303226947784,
    0.12752662599086761,
    0.15662197768688202
  ]
}