{
  "hidden_size": 32,
  "n_layers": 4,
  "total_weights": 2208,
  "n_components": 2,
  "explained_variance_ratio": [
    1.0,
    6.1683353737296276e-12
  ],
  "singular_values": [
    0.23039209842681885,
    5.722048967982118e-07
  ],
  "layer_names": [
    "model.0.weight",
    "model.1.weight",
    "model.3.weight",
    "model.4.weight",
    "model.6.weight",
    "model.7.weight",
    "model.9.weight"
  ],
  "layer_sizes": [
    32,
    32,
    1024,
    32,
    1024,
    32,
    32
  ],
  "layer_means": [
    0.0303016547113657,
    0.9997597336769104,
    -0.016551289707422256,
    1.0040667057037354,
    0.0007367833750322461,
    1.0797373056411743,
    0.11871922016143799
  ],
  "layer_stds": [
    0.5635672211647034,
    0.018330538645386696,
    0.10647448897361755,
    0.033641915768384933,
    0.10902419686317444,
    0.1224466860294342,
    0.09772321581840515
  ]
}