{
  "hidden_size": 32,
  "n_layers": 16,
  "total_weights": 14880,
  "n_components": 5,
  "explained_variance_ratio": [
    0.7613580226898193,
    0.16930249333381653,
    0.05756429582834244,
    0.011775200255215168,
    1.1447764394420523e-12
  ],
  "singular_values": [
    2.6568832397460938,
    1.252880573272705,
    0.7305578589439392,
    0.33041682839393616,
    3.2579046091996133e-06
  ],
  "layer_names": [
    "model.0.weight",
    "model.1.weight",
    "model.3.weight",
    "model.4.weight",
    "model.6.weight",
    "model.7.weight",
    "model.9.weight",
    "model.10.weight",
    "model.12.weight",
    "model.13.weight",
    "model.15.weight",
    "model.16.weight",
    "model.18.weight",
    "model.19.weight",
    "model.21.weight",
    "model.22.weight",
    "model.24.weight",
    "model.25.weight",
    "model.27.weight",
    "model.28.weight",
    "model.30.weight",
    "model.31.weight",
    "model.33.weight",
    "model.34.weight",
    "model.36.weight",
    "model.37.weight",
    "model.39.weight",
    "model.40.weight",
    "model.42.weight",
    "model.43.weight",
    "model.45.weight"
  ],
  "layer_sizes": [
    32,
    32,
    1024,
    32,
    1024,
    32,
    1024,
    32,
    1024,
    32,
    1024,
    32,
    1024,
    32,
    1024,
    32,
    1024,
    32,
    1024,
    32,
    1024,
    32,
    1024,
    32,
    1024,
    32,
    1024,
    32,
    1024,
    32,
    32
  ],
  "layer_means": [
    0.04318379983305931,
    1.0002063512802124,
    0.003670420963317156,
    0.9998244047164917,
    0.0006951731629669666,
    0.9990391731262207,
    0.001643830444663763,
    0.9985131025314331,
    0.005206091795116663,
    0.9983608722686768,
    0.003055407665669918,
    0.9994908571243286,
    0.00841350108385086,
    1.0009779930114746,
    0.006587974727153778,
    0.9990156888961792,
    0.001518858247436583,
    0.9987652897834778,
    -0.0017508722376078367,
    0.999706506729126,
    0.00015410571359097958,
    1.0011717081069946,
    -0.002142445184290409,
    0.9993314743041992,
    -0.000149252125993371,
    1.0002360343933105,
    -0.008843842893838882,
    1.0036979913711548,
    -0.020450910553336143,
    1.0311815738677979,
    0.14649787545204163
  ],
  "layer_stds": [
    0.5634769201278687,
    0.024098174646496773,
    0.10303425043821335,
    0.027180150151252747,
    0.10564030706882477,
    0.028177520260214806,
    0.10603613406419754,
    0.03773624449968338,
    0.10606788098812103,
    0.03347824513912201,
    0.10536236315965652,
    0.034483104944229126,
    0.10678155720233917,
    0.02959679439663887,
    0.10506096482276917,
    0.030664853751659393,
    0.1078820675611496,
    0.03929852694272995,
    0.10726740956306458,
    0.026795005425810814,
    0.10890740156173706,
    0.03091464936733246,
    0.11051442474126816,
    0.031813886016607285,
    0.11101169884204865,
    0.0392761155962944,
    0.11104239523410797,
    0.05216734856367111,
    0.11276160925626755,
    0.11820443719625473,
    0.12369538098573685
  ]
}