{
  "hidden_size": 8,
  "n_layers": 4,
  "total_weights": 168,
  "n_components": 5,
  "explained_variance_ratio": [
    0.9086190462112427,
    0.06906778365373611,
    0.016415225341916084,
    0.005897972732782364,
    4.884162193609376e-13
  ],
  "singular_values": [
    0.8761650919914246,
    0.2415643185377121,
    0.11776559799909592,
    0.07059052586555481,
    6.423771310437587e-07
  ],
  "layer_names": [
    "model.0.weight",
    "model.1.weight",
    "model.3.weight",
    "model.4.weight",
    "model.6.weight",
    "model.7.weight",
    "model.9.weight"
  ],
  "layer_sizes": [
    8,
    8,
    64,
    8,
    64,
    8,
    8
  ],
  "layer_means": [
    0.28043070435523987,
    0.998790979385376,
    0.029925528913736343,
    0.9787543416023254,
    -0.04383372142910957,
    1.337949514389038,
    0.40476834774017334
  ],
  "layer_stds": [
    0.3635106384754181,
    0.03327692300081253,
    0.1989937126636505,
    0.04209916666150093,
    0.207017183303833,
    0.15095967054367065,
    0.1502130627632141
  ]
}