{
  "hidden_size": 8,
  "n_layers": 16,
  "total_weights": 1032,
  "n_components": 6,
  "explained_variance_ratio": [
    0.7874943614006042,
    0.15364745259284973,
    0.04519028216600418,
    0.011125671677291393,
    0.0025421492755413055,
    1.8046960410453283e-12
  ],
  "singular_values": [
    0.9983325600624084,
    0.44097521901130676,
    0.23915201425552368,
    0.11866281181573868,
    0.056722063571214676,
    1.5113099607333425e-06
  ],
  "layer_names": [
    "model.0.weight",
    "model.1.weight",
    "model.3.weight",
    "model.4.weight",
    "model.6.weight",
    "model.7.weight",
    "model.9.weight",
    "model.10.weight",
    "model.12.weight",
    "model.13.weight",
    "model.15.weight",
    "model.16.weight",
    "model.18.weight",
    "model.19.weight",
    "model.21.weight",
    "model.22.weight",
    "model.24.weight",
    "model.25.weight",
    "model.27.weight",
    "model.28.weight",
    "model.30.weight",
    "model.31.weight",
    "model.33.weight",
    "model.34.weight",
    "model.36.weight",
    "model.37.weight",
    "model.39.weight",
    "model.40.weight",
    "model.42.weight",
    "model.43.weight",
    "model.45.weight"
  ],
  "layer_sizes": [
    8,
    8,
    64,
    8,
    64,
    8,
    64,
    8,
    64,
    8,
    64,
    8,
    64,
    8,
    64,
    8,
    64,
    8,
    64,
    8,
    64,
    8,
    64,
    8,
    64,
    8,
    64,
    8,
    64,
    8,
    8
  ],
  "layer_means": [
    -0.003913223743438721,
    0.9930335879325867,
    0.031716007739305496,
    1.0029360055923462,
    0.03720366582274437,
    1.0003342628479004,
    -0.004508711397647858,
    1.005568504333496,
    0.0204479917883873,
    1.0004241466522217,
    -0.003974556922912598,
    1.0048620700836182,
    -0.009282696060836315,
    0.9988763928413391,
    0.003970718942582607,
    0.9975125789642334,
    -0.024789810180664062,
    1.0006897449493408,
    -0.005339999683201313,
    1.0005242824554443,
    -0.015605924651026726,
    1.011725902557373,
    -0.002790498547255993,
    1.0017467737197876,
    0.0003368891775608063,
    1.004352331161499,
    0.0020165154710412025,
    1.0087625980377197,
    -0.02562904730439186,
    1.3129030466079712,
    0.3929356336593628
  ],
  "layer_stds": [
    0.5598467588424683,
    0.035213347524404526,
    0.20757779479026794,
    0.04538809880614281,
    0.21305832266807556,
    0.027204684913158417,
    0.20978058874607086,
    0.026861557736992836,
    0.19029761850833893,
    0.0398981012403965,
    0.1868916004896164,
    0.04917588084936142,
    0.22096139192581177,
    0.02712935395538807,
    0.20781846344470978,
    0.028274402022361755,
    0.19985295832157135,
    0.034013524651527405,
    0.21020491421222687,
    0.03308076784014702,
    0.20132625102996826,
    0.05541909113526344,
    0.20619335770606995,
    0.06846219301223755,
    0.2071845531463623,
    0.05534389242529869,
    0.2068513035774231,
    0.06401555240154266,
    0.19339163601398468,
    0.10131485760211945,
    0.1416744589805603
  ]
}