{
  "hidden_size": 8,
  "n_layers": 2,
  "total_weights": 24,
  "n_components": 7,
  "explained_variance_ratio": [
    0.9586483836174011,
    0.03761126101016998,
    0.002951335860416293,
    0.00047179096145555377,
    0.00026859494391828775,
    4.865772643825039e-05,
    8.532384461511569e-14
  ],
  "singular_values": [
    1.8518962860107422,
    0.3668140470981598,
    0.10275343060493469,
    0.041082967072725296,
    0.03099815919995308,
    0.013193587772548199,
    5.524871653506125e-07
  ],
  "layer_names": [
    "model.0.weight",
    "model.1.weight",
    "model.3.weight"
  ],
  "layer_sizes": [
    8,
    8,
    8
  ],
  "layer_means": [
    -0.0716625303030014,
    0.9337851405143738,
    0.18623298406600952
  ],
  "layer_stds": [
    0.5282416939735413,
    0.2354297637939453,
    0.4278671443462372
  ]
}